{
  "san_co": [
    {
      "title": "Điều Bình Phước - Đắk Nông",
      "image": "img-23.png"
    },
    {
      "title": "Đặc sản Tây Nguyên (sâm cau, linh chi, lá kim cương, mâm xôi, na rừng, mật ong rừng...)",
      "image": "samcau.jpg"
    },
    {
      "title": "Bánh đa Đô Lương đặc sản xứ Nghệ",
      "image": "banhda.jpg"
    },
    {
      "title": "Điều Bình Phước - Đắk Nông",
      "image": "img-23.png"
    },
    {
      "title": "Đặc sản Tây Nguyên (sâm cau, linh chi, lá kim cương, mâm xôi, na rừng, mật ong rừng...)",
      "image": "samcau.jpg"
    },
    {
      "title": "Bánh đa Đô Lương đặc sản xứ Nghệ",
      "image": "banhda.jpg"
    }
  ],
  "hat_dieu":  [
    {
      "title": "Hạt điều rang muối vỏ lụa Bình Phước",
      "image": "img-24.jpg",
      "contact": "0966545804"
    },
    {
      "title": "Hạt điều rang muối tách vỏ lụa",
      "image": "img-25.jpg",
      "contact": "0966545804"
    },
    {
      "title": "Hạt điều tươi tách vỏ (chuyên làm sữa hạt)",
      "image": "img-26.jpg",
      "contact": "0966545804"
    },
    {
      "title": "Hạt điều sấy nguyên vị (rang mộc, không muối)",
      "image": "img-27.jpg",
      "contact": "0966545804"
    },
    {
      "title": "Hạt điều tươi tại vườn Đắk Nông",
      "image": "img-29.jpg",
      "contact": "0966545804"
    }
  ],
  "dac_san_tay_nguyen": [
    {
      "title": "Chuối hột rừng hoang",
      "image": "img-30.jpg",
      "contact": "0393043553"
    } ,{
      "title": "Nấm linh chi cổ cò",
      "image": "img-31.jpg",
      "contact": "0393043553"
    },{
      "title": "Mật ong rừng (quá trình lọc mật ong)",
      "image": "img-32.jpg",
      "contact": "0393043553"
    },{
      "title": "Sâm cau rừng Kontum",
      "image": "img-33.jpg",
      "contact": "0393043553"
    },{
      "title": "Chè dây rừng.",
      "image": "img-34.jpg",
      "contact": "0393043553"
    },{
      "title": "Quả na rừng",
      "image": "img-35.jpg",
      "contact": "0393043553"
    },{
      "title": "Quả chòi chòi",
      "image": "img-36.jpg",
      "contact": "0393043553"
    }
  ],
  "xu_nghe": [
    {
      "title": "Bánh đa đến Cát Lái",
      "image": "img-37.jpg",
      "contact": "0973657365"
    },
    {
      "title": "Bánh đa bỏ sỉ",
      "image": "img-38.jpg",
      "contact": "0973657365"
    },
    {
      "title": "Bánh đa tại chung cư Soho.",
      "image": "img-39.jpg",
      "contact": "0973657365"
    },
    {
      "title": "Hàng mới về loại 1",
      "image": "img-40.jpg",
      "contact": "0973657365"
    },
    {
      "title": "Đậu phộng rang muối",
      "image": "img-41.png",
      "contact": "0973657365"
    }

  ]
}